CREATE TABLE t1(
c10246 decimal not null);
CREATE TABLE t10_innodbi_autoinc(
c10248 int,
c102471 int unsigned not null,
c10261 float,
primary key(c10248));
CREATE VIEW v_t10_innodbi_autoinc AS SELECT * FROM t10_innodbi_autoinc;
INSERT INTO t10_innodbi_autoinc VALUES
(1,0,0);
UPDATE v_t10_innodbi_autoinc SET c10261=3 WHERE c102471<ALL(SELECT c10248 FROM t1);
DROP VIEW v_t10_innodbi_autoinc;
DROP TABLE t1, t10_innodbi_autoinc;
