SET @save_debug= @@global.debug;
SET GLOBAL innodb_file_per_table= 1;
SET GLOBAL innodb_monitor_enable= ibuf_size;
DROP DATABASE IF EXISTS test_1454441;
Warnings:
Note	1008	Can't drop database 'test_1454441'; database doesn't exist
CREATE DATABASE test_1454441;
CREATE TABLE test_1454441.t1 (
c1 BIGINT NOT NULL AUTO_INCREMENT PRIMARY KEY,
c2 BIGINT,
c3 VARCHAR(2048),
c4 VARCHAR(2048),
INDEX idx1(c2),
INDEX idx2(c3(512)),
INDEX idx3(c4(512))) Engine=InnoDB;
CREATE TABLE test_1454441.t2 (c1 INT) Engine=InnoDB;
SET GLOBAL innodb_purge_stop_now=ON;
SET GLOBAL innodb_disable_background_merge=ON;
INSERT INTO test_1454441.t1(c2, c3, c4) VALUES
(1, REPEAT('a', 2048), REPEAT('a', 2048)),
(2, REPEAT('b', 2048), REPEAT('b', 2048)),
(3, REPEAT('c', 2048), REPEAT('c', 2048)),
(4, REPEAT('d', 2048), REPEAT('d', 2048));
INSERT INTO test_1454441.t1(c2, c3, c4) SELECT c2, c3, c4 FROM test_1454441.t1;
INSERT INTO test_1454441.t1(c2, c3, c4) SELECT c2, c3, c4 FROM test_1454441.t1;
INSERT INTO test_1454441.t1(c2, c3, c4) SELECT c2, c3, c4 FROM test_1454441.t1;
INSERT INTO test_1454441.t1(c2, c3, c4) SELECT c2, c3, c4 FROM test_1454441.t1;
INSERT INTO test_1454441.t1(c2, c3, c4) SELECT c2, c3, c4 FROM test_1454441.t1;
DELETE FROM test_1454441.t1 WHERE c2 = 1;
UPDATE test_1454441.t1 SET c2 = c2 + c1;
FLUSH TABLES test_1454441.t2 FOR EXPORT;
UNLOCK TABLES;
FLUSH TABLES test_1454441.t1 FOR EXPORT;
UNLOCK TABLES;
SELECT name, count
FROM information_schema.innodb_metrics
WHERE name = 'ibuf_size';
name	count
ibuf_size	1
DROP DATABASE test_1454441;
SET GLOBAL innodb_purge_run_now=ON;
SET GLOBAL INNODB_FILE_PER_TABLE= 1;
SET GLOBAL innodb_disable_background_merge= OFF;
SET GLOBAL innodb_purge_stop_now= OFF;
SET GLOBAL debug= @save_debug;
SET GLOBAL innodb_monitor_enable = default;
Warnings:
Warning	1230	Default value is not defined for this set option. Please specify correct counter or module name.
